Date,Temp_Min,Temp_Mean,Temp_Max,Humidity_Min,Humidity_Mean,Humidity_Max,DewPoint_Mean,Pressure_Mean,CloudCover_Mean,WindSpeed_Mean,WindSpeed_Max,WindGust_Max,Rainfall_Total,SolarRadiation_Total,RainHours,HeatIndex_Max_Today,_HoursMin,_PrecipTotal,_GridLat,_GridLon,_ApiElevation
2024-01-01,25.8,28.09,30.8,65.0,78.71,90.0,23.95,1011.73,58.71,7.8,12.3,32.0,0.3,3929.0,2,35.68,24,0.3,14.5,121.0,14.0
2024-01-02,25.8,28.0,31.3,64.0,79.17,87.0,23.96,1011.34,42.29,6.67,12.3,28.4,0.1,4082.0,1,36.59,24,0.1,14.5,121.0,14.0
2024-01-03,25.6,27.99,30.8,71.0,81.0,90.0,24.36,1011.46,44.33,3.88,5.2,18.4,0.5,4099.0,4,37.36,24,0.5,14.5,121.0,14.0
2024-01-04,26.3,27.89,30.4,63.0,76.58,87.0,23.29,1012.09,31.04,11.75,24.9,43.6,0.0,3861.0,0,34.31,24,0.0,14.5,121.0,14.0
2024-01-05,26.0,27.42,29.8,66.0,75.42,82.0,22.64,1013.7,58.88,14.05,25.5,44.3,0.3,4062.0,3,33.67,24,0.3,14.5,121.0,14.0
2024-01-06,25.2,27.57,30.6,57.0,70.29,82.0,21.54,1013.84,33.04,12.08,17.4,38.2,0.0,5067.0,0,33.35,24,0.0,14.5,121.0,14.0
2024-01-07,26.0,27.4,30.0,58.0,69.58,78.0,21.26,1014.14,62.42,15.92,22.1,42.5,0.0,4454.0,0,32.44,24,0.0,14.5,121.0,14.0
2024-01-08,25.2,27.42,30.1,64.0,73.67,83.0,22.26,1013.47,31.33,13.92,26.1,48.6,0.0,4064.0,0,34.1,24,0.0,14.5,121.0,14.0
2024-01-09,25.7,27.72,31.0,67.0,79.83,88.0,23.83,1012.52,45.96,8.67,16.2,27.4,0.9,3650.0,4,36.72,24,0.9,14.5,121.0,14.0
2024-01-10,25.4,28.27,32.2,60.0,77.67,90.0,23.83,1011.24,20.83,5.7,11.9,20.5,0.2,4906.0,2,37.55,24,0.2,14.5,121.0,14.0
2024-01-11,25.4,27.47,30.3,59.0,72.21,82.0,21.89,1012.33,30.5,14.74,22.3,39.2,0.0,4533.0,0,33.2,24,0.0,14.5,121.0,14.0
2024-01-12,24.8,26.62,29.4,58.0,70.67,79.0,20.77,1012.69,53.83,16.82,22.6,46.4,0.0,3671.0,0,31.39,24,0.0,14.5,121.0,14.0
2024-01-13,24.7,26.61,29.2,59.0,69.08,79.0,20.39,1013.4,39.83,19.31,27.2,49.0,0.0,3990.0,0,31.22,24,0.0,14.5,121.0,14.0
2024-01-14,25.3,26.8,29.4,58.0,68.38,78.0,20.41,1014.45,57.67,15.73,27.0,48.6,0.3,4077.0,2,31.39,24,0.3,14.5,121.0,14.0
2024-01-15,24.5,26.6,29.8,58.0,71.25,80.0,20.82,1014.08,83.83,14.8,24.8,47.9,0.0,4514.0,0,32.08,24,0.0,14.5,121.0,14.0
2024-01-16,24.8,26.51,29.8,53.0,67.17,76.0,19.79,1014.35,51.92,22.25,29.9,56.5,0.1,5312.0,1,31.22,24,0.1,14.5,121.0,14.0
2024-01-17,24.4,26.42,29.5,51.0,64.54,77.0,19.05,1014.52,73.21,18.45,29.8,54.4,0.2,4924.0,2,30.47,24,0.2,14.5,121.0,14.0
2024-01-18,23.5,26.44,29.8,55.0,69.79,81.0,20.35,1013.1,62.17,10.7,18.6,38.5,0.0,4320.0,0,31.91,24,0.0,14.5,121.0,14.0
2024-01-19,24.7,27.05,30.1,61.0,74.92,88.0,22.09,1012.29,62.33,10.14,20.3,38.9,0.2,4058.0,2,33.23,24,0.2,14.5,121.0,14.0
2024-01-20,24.3,26.8,30.2,60.0,75.75,87.0,22.04,1012.24,27.38,8.23,13.9,32.4,0.1,3723.0,1,33.22,24,0.1,14.5,121.0,14.0
2024-01-21,25.0,27.62,31.3,56.0,73.88,88.0,22.3,1013.62,58.54,7.63,15.0,25.2,0.0,4529.0,0,34.52,24,0.0,14.5,121.0,14.0
2024-01-22,25.6,27.38,30.1,63.0,75.25,84.0,22.54,1013.85,52.92,9.35,17.6,41.8,0.0,4435.0,0,33.88,24,0.0,14.5,121.0,14.0
2024-01-23,25.0,27.55,30.6,62.0,74.71,86.0,22.5,1014.78,86.25,6.14,9.9,25.2,0.9,4501.0,4,34.48,24,0.9,14.5,121.0,14.0
2024-01-24,24.8,26.65,29.5,57.0,68.58,77.0,20.29,1016.29,35.62,19.47,28.7,55.1,0.0,4658.0,0,31.39,24,0.0,14.5,121.0,14.0
2024-01-25,24.1,25.95,28.7,57.0,68.33,77.0,19.59,1018.54,74.71,19.85,24.7,50.4,0.0,4300.0,0,30.13,24,0.0,14.5,121.0,14.0
2024-01-26,23.9,25.55,28.6,52.0,66.25,75.0,18.66,1019.28,77.0,18.2,25.3,51.1,0.0,4781.0,0,29.38,24,0.0,14.5,121.0,14.0
2024-01-27,23.3,25.24,27.6,57.0,66.12,73.0,18.41,1018.4,92.0,16.03,26.1,47.5,0.0,3879.0,0,28.6,24,0.0,14.5,121.0,14.0
2024-01-28,23.6,25.68,28.5,54.0,66.25,75.0,18.82,1018.39,58.42,14.93,28.6,53.3,0.0,4357.0,0,29.47,24,0.0,14.5,121.0,14.0
2024-01-29,23.8,26.08,29.5,50.0,65.83,76.0,19.03,1018.27,57.33,17.33,31.5,57.2,0.0,5142.0,0,30.33,24,0.0,14.5,121.0,14.0
2024-01-30,24.2,26.49,30.0,54.0,66.88,77.0,19.72,1017.39,40.96,14.91,23.0,43.9,0.0,4533.0,0,31.71,24,0.0,14.5,121.0,14.0
2024-01-31,24.1,26.61,29.8,60.0,72.38,80.0,21.12,1016.45,40.75,12.68,22.4,44.3,0.0,4176.0,0,32.46,24,0.0,14.5,121.0,14.0
2024-02-01,24.2,26.88,30.4,60.0,74.29,85.0,21.79,1015.74,63.58,10.87,23.6,42.5,0.0,4048.0,0,33.63,24,0.0,14.5,121.0,14.0
2024-02-02,24.2,27.0,30.2,60.0,74.17,87.0,21.81,1015.27,57.25,11.08,20.9,37.4,0.1,4491.0,1,33.23,24,0.1,14.5,121.0,14.0
2024-02-03,24.3,27.62,32.0,53.0,73.21,87.0,22.18,1015.02,50.12,13.1,22.7,43.6,0.0,5214.0,0,35.11,24,0.0,14.5,121.0,14.0
2024-02-04,25.5,28.2,32.3,51.0,70.12,84.0,21.97,1015.12,23.79,11.98,21.7,39.6,0.0,5179.0,0,35.44,24,0.0,14.5,121.0,14.0
2024-02-05,24.6,27.81,31.6,58.0,73.96,90.0,22.55,1015.32,19.25,10.84,18.9,34.9,0.3,4022.0,2,35.66,24,0.3,14.5,121.0,14.0
2024-02-06,24.5,27.61,32.3,51.0,72.88,89.0,22.0,1015.52,30.17,11.43,18.6,33.5,0.0,5008.0,0,35.18,24,0.0,14.5,121.0,14.0
2024-02-07,24.7,27.81,32.4,44.0,68.04,83.0,21.06,1013.9,35.46,12.45,17.8,34.2,0.0,6122.0,0,33.96,24,0.0,14.5,121.0,14.0
2024-02-08,24.7,27.92,31.9,54.0,70.75,86.0,21.85,1012.87,11.54,4.46,10.5,16.9,0.0,5362.0,0,35.43,24,0.0,14.5,121.0,14.0
2024-02-09,24.4,27.72,31.5,55.0,72.38,88.0,22.12,1015.12,20.33,9.09,16.2,28.4,0.0,5113.0,0,34.68,24,0.0,14.5,121.0,14.0
2024-02-10,25.0,27.39,30.7,56.0,70.17,82.0,21.34,1017.18,36.12,12.56,20.0,39.2,0.0,4331.0,0,33.32,24,0.0,14.5,121.0,14.0
2024-02-11,24.7,27.14,30.6,51.0,65.08,75.0,19.83,1018.2,27.46,17.14,27.8,52.9,0.0,5723.0,0,32.15,24,0.0,14.5,121.0,14.0
2024-02-12,24.7,26.44,29.3,54.0,64.58,74.0,19.13,1018.56,20.67,22.59,32.2,61.6,0.0,5252.0,0,30.61,24,0.0,14.5,121.0,14.0
2024-02-13,24.4,26.79,30.3,55.0,66.62,79.0,19.92,1017.87,51.17,18.62,28.1,53.3,0.0,4882.0,0,32.42,24,0.0,14.5,121.0,14.0
2024-02-14,25.3,27.51,30.8,59.0,72.67,81.0,22.06,1016.11,29.38,15.94,26.7,47.2,0.0,4855.0,0,34.22,24,0.0,14.5,121.0,14.0
2024-02-15,24.9,28.03,31.8,56.0,72.5,86.0,22.4,1015.28,31.29,12.85,19.1,38.9,0.0,5269.0,0,35.76,24,0.0,14.5,121.0,14.0
2024-02-16,25.3,27.7,31.6,54.0,71.17,85.0,21.79,1015.15,43.46,11.33,18.8,33.1,0.0,4760.0,0,34.58,24,0.0,14.5,121.0,14.0
2024-02-17,25.2,27.57,31.0,51.0,68.54,80.0,21.02,1014.16,41.04,15.85,23.4,41.8,0.0,5572.0,0,33.02,24,0.0,14.5,121.0,14.0
2024-02-18,24.7,27.85,31.7,53.0,67.92,79.0,21.22,1014.88,19.83,12.94,18.8,34.2,0.0,5211.0,0,34.53,24,0.0,14.5,121.0,14.0
2024-02-19,25.2,28.26,32.2,46.0,67.25,83.0,21.34,1015.28,26.62,15.16,23.1,44.3,0.0,6163.0,0,34.02,24,0.0,14.5,121.0,14.0
2024-02-20,25.2,28.02,32.2,50.0,68.08,82.0,21.31,1015.04,27.62,14.5,24.0,44.6,0.2,6162.0,2,34.99,24,0.2,14.5,121.0,14.0
2024-02-21,25.4,28.15,32.1,50.0,66.96,79.0,21.22,1014.6,64.62,16.0,23.8,44.3,0.0,5381.0,0,34.55,24,0.0,14.5,121.0,14.0
2024-02-22,24.9,28.07,31.6,59.0,70.42,79.0,22.08,1014.61,39.33,14.58,22.0,42.8,0.0,4780.0,0,35.88,24,0.0,14.5,121.0,14.0
2024-02-23,25.3,28.09,31.3,60.0,72.54,84.0,22.55,1014.86,24.25,13.83,22.0,40.0,0.0,5185.0,0,35.54,24,0.0,14.5,121.0,14.0
2024-02-24,25.5,28.45,32.5,46.0,66.92,81.0,21.45,1014.6,24.0,12.93,19.6,37.8,0.0,6303.0,0,34.86,24,0.0,14.5,121.0,14.0
2024-02-25,26.2,27.95,30.7,58.0,72.75,84.0,22.48,1013.79,28.79,16.41,24.3,47.2,0.4,4519.0,4,34.5,24,0.4,14.5,121.0,14.0
2024-02-26,25.3,27.75,31.6,48.0,65.04,77.0,20.32,1014.77,8.12,18.83,25.9,52.2,0.0,6518.0,0,33.21,24,0.0,14.5,121.0,14.0
2024-02-27,24.5,27.52,31.1,50.0,64.58,78.0,20.04,1014.91,21.38,17.18,26.2,50.4,0.0,5989.0,0,32.78,24,0.0,14.5,121.0,14.0
2024-02-28,24.7,27.47,31.1,49.0,63.42,75.0,19.7,1014.29,13.08,19.08,29.3,52.6,0.0,5963.0,0,32.59,24,0.0,14.5,121.0,14.0
2024-02-29,24.7,27.76,31.5,54.0,68.21,78.0,21.23,1013.95,22.71,17.15,24.8,46.8,0.0,5460.0,0,34.63,24,0.0,14.5,121.0,14.0
2024-03-01,24.5,28.02,32.5,49.0,68.29,84.0,21.3,1013.57,24.96,11.51,18.1,33.1,0.0,5471.0,0,35.04,24,0.0,14.5,121.0,14.0
2024-03-02,24.7,27.74,31.5,52.0,68.0,85.0,21.07,1013.41,23.67,11.86,18.4,36.4,0.0,5194.0,0,34.15,24,0.0,14.5,121.0,14.0
2024-03-03,24.9,27.81,32.0,46.0,63.92,77.0,20.1,1013.42,11.67,13.19,19.4,38.5,0.0,6274.0,0,33.67,24,0.0,14.5,121.0,14.0
2024-03-04,25.1,28.25,31.6,58.0,70.0,80.0,22.15,1012.55,35.0,12.94,19.0,37.4,0.0,4406.0,0,35.61,24,0.0,14.5,121.0,14.0
2024-03-05,26.0,28.82,33.1,46.0,67.54,84.0,21.88,1011.15,10.67,11.47,16.0,30.6,0.0,6178.0,0,35.81,24,0.0,14.5,121.0,14.0
2024-03-06,24.0,28.85,34.1,46.0,65.46,85.0,21.37,1010.41,14.42,5.18,8.6,18.7,0.0,6971.0,0,37.31,24,0.0,14.5,121.0,14.0
2024-03-07,25.6,28.7,32.6,52.0,68.92,83.0,22.21,1011.12,10.71,11.59,19.1,34.2,0.0,5864.0,0,36.33,24,0.0,14.5,121.0,14.0
2024-03-08,25.8,28.46,32.6,51.0,67.83,80.0,21.75,1011.9,38.25,13.86,19.7,36.0,0.1,4992.0,1,35.77,24,0.1,14.5,121.0,14.0
2024-03-09,25.5,27.52,30.5,56.0,69.21,78.0,21.27,1013.1,64.5,16.27,23.8,45.0,0.0,5071.0,0,32.95,24,0.0,14.5,121.0,14.0
2024-03-10,25.8,27.8,30.6,55.0,66.42,76.0,20.83,1015.28,48.5,18.62,26.7,51.1,0.3,5123.0,3,32.93,24,0.3,14.5,121.0,14.0
2024-03-11,25.6,27.8,30.8,54.0,66.42,78.0,20.88,1015.05,98.75,12.34,19.1,45.0,0.0,4377.0,0,33.51,24,0.0,14.5,121.0,14.0
2024-03-12,25.7,28.39,32.1,56.0,72.21,83.0,22.75,1013.26,97.62,6.43,12.1,23.8,0.7,4577.0,5,36.48,24,0.7,14.5,121.0,14.0
2024-03-13,26.3,28.27,31.6,56.0,70.58,81.0,22.29,1013.96,59.79,16.63,24.5,44.3,0.1,5876.0,1,35.34,24,0.1,14.5,121.0,14.0
2024-03-14,26.1,28.14,31.5,55.0,68.62,77.0,21.72,1014.15,37.83,16.33,21.4,44.3,0.0,5866.0,0,34.68,24,0.0,14.5,121.0,14.0
2024-03-15,25.7,27.82,30.8,60.0,71.67,80.0,22.16,1014.66,58.96,13.18,22.0,39.2,0.4,5269.0,4,34.67,24,0.4,14.5,121.0,14.0
2024-03-16,25.8,28.64,32.7,49.0,67.21,80.0,21.7,1015.01,36.88,15.47,20.5,40.7,0.0,5726.0,0,35.42,24,0.0,14.5,121.0,14.0
2024-03-17,25.7,28.42,32.2,53.0,68.21,79.0,21.8,1013.67,25.92,11.75,16.2,30.6,0.1,5927.0,1,35.78,24,0.1,14.5,121.0,14.0
2024-03-18,25.8,28.29,32.5,48.0,65.29,77.0,20.95,1012.56,20.5,12.51,21.3,38.2,0.1,6280.0,1,34.79,24,0.1,14.5,121.0,14.0
2024-03-19,24.8,28.07,31.4,55.0,67.83,80.0,21.43,1013.48,71.25,10.2,15.5,33.5,0.9,5722.0,7,34.68,24,0.9,14.5,121.0,14.0
2024-03-20,25.7,28.11,31.1,55.0,67.83,79.0,21.45,1014.31,59.42,15.64,24.9,44.6,0.7,5308.0,3,33.85,24,0.7,14.5,121.0,14.0
2024-03-21,25.3,27.04,29.7,58.0,70.38,79.0,21.09,1013.38,34.38,17.15,24.4,46.1,0.0,5500.0,0,32.09,24,0.0,14.5,121.0,14.0
2024-03-22,24.7,27.32,30.4,59.0,70.88,80.0,21.48,1012.6,53.12,18.77,26.3,45.4,0.0,5773.0,0,33.4,24,0.0,14.5,121.0,14.0
2024-03-23,25.6,27.92,31.6,59.0,73.92,82.0,22.74,1013.38,32.33,17.28,22.9,45.0,0.7,5898.0,7,35.88,24,0.7,14.5,121.0,14.0
2024-03-24,25.7,28.98,33.0,48.0,67.67,82.0,22.09,1014.35,4.67,17.58,22.3,44.6,0.0,7071.0,0,35.81,24,0.0,14.5,121.0,14.0
2024-03-25,26.2,29.12,33.1,49.0,65.83,80.0,21.79,1013.77,7.5,15.6,20.5,38.2,0.0,6997.0,0,36.2,24,0.0,14.5,121.0,14.0
2024-03-26,26.7,29.4,32.8,59.0,70.0,80.0,23.22,1014.28,49.88,13.02,22.3,38.9,0.1,4625.0,1,38.67,24,0.1,14.5,121.0,14.0
2024-03-27,27.3,29.6,33.8,58.0,74.58,83.0,24.49,1014.39,52.17,12.95,21.3,39.6,0.3,5356.0,3,40.83,24,0.3,14.5,121.0,14.0
2024-03-28,26.8,30.3,34.7,54.0,69.46,82.0,23.9,1012.39,46.29,12.0,20.2,36.0,0.2,5098.0,2,41.54,24,0.2,14.5,121.0,14.0
2024-03-29,27.6,29.92,32.8,58.0,71.92,83.0,24.18,1013.25,80.29,9.73,16.5,32.0,0.4,5598.0,4,38.67,24,0.4,14.5,121.0,14.0
2024-03-30,26.6,29.77,34.4,50.0,67.83,83.0,22.91,1014.17,75.17,12.96,20.7,38.5,0.0,6905.0,0,39.28,24,0.0,14.5,121.0,14.0
2024-03-31,25.5,29.71,34.3,46.0,63.46,79.0,21.7,1013.36,69.5,11.95,14.9,28.4,0.0,6226.0,0,37.71,24,0.0,14.5,121.0,14.0
2024-04-01,26.4,30.19,34.6,47.0,67.21,84.0,23.12,1011.78,27.12,13.4,19.7,32.0,0.0,6102.0,0,39.15,24,0.0,14.5,121.0,14.0
2024-04-02,27.0,30.37,35.2,36.0,61.62,80.0,21.6,1011.64,6.0,15.99,19.9,36.0,0.0,7220.0,0,36.56,24,0.0,14.5,121.0,14.0
2024-04-03,26.8,30.03,34.7,44.0,63.29,78.0,21.98,1011.78,10.04,14.88,20.4,36.0,0.0,6831.0,0,37.88,24,0.0,14.5,121.0,14.0
2024-04-04,26.7,30.17,34.5,51.0,66.17,78.0,23.0,1011.03,22.71,13.33,18.8,33.8,0.0,5739.0,0,39.92,24,0.0,14.5,121.0,14.0
2024-04-05,27.2,29.92,33.7,52.0,65.46,77.0,22.56,1011.1,12.58,16.92,24.5,44.3,0.0,6014.0,0,38.4,24,0.0,14.5,121.0,14.0
2024-04-06,27.4,29.75,33.0,52.0,66.54,78.0,22.69,1011.28,19.67,16.09,23.8,44.6,0.1,6337.0,1,38.14,24,0.1,14.5,121.0,14.0
2024-04-07,26.4,30.06,34.3,49.0,66.25,82.0,22.83,1010.44,25.88,14.95,19.5,36.4,0.0,6753.0,0,39.42,24,0.0,14.5,121.0,14.0
2024-04-08,26.6,29.92,34.0,50.0,66.25,81.0,22.72,1011.16,52.54,12.27,18.4,31.7,0.0,6797.0,0,38.74,24,0.0,14.5,121.0,14.0
2024-04-09,26.3,29.97,34.7,51.0,67.92,81.0,23.15,1011.41,37.29,11.23,18.3,32.4,0.0,6509.0,0,40.35,24,0.0,14.5,121.0,14.0
2024-04-10,27.1,30.09,34.1,50.0,66.79,82.0,22.96,1012.08,8.46,13.11,19.1,39.2,0.0,6824.0,0,38.61,24,0.0,14.5,121.0,14.0
2024-04-11,26.8,30.09,34.5,48.0,65.08,78.0,22.54,1012.05,30.33,14.67,19.2,37.8,0.0,6935.0,0,39.19,24,0.0,14.5,121.0,14.0
2024-04-12,26.8,30.16,34.3,47.0,64.67,78.0,22.47,1011.2,48.04,13.85,20.0,35.3,0.0,6713.0,0,38.37,24,0.0,14.5,121.0,14.0
2024-04-13,26.6,30.4,35.0,46.0,64.58,79.0,22.69,1010.94,7.79,12.18,16.3,34.2,0.0,6675.0,0,39.18,24,0.0,14.5,121.0,14.0
2024-04-14,27.6,30.72,34.9,49.0,65.42,78.0,23.24,1012.06,10.04,12.94,17.5,33.1,0.0,6399.0,0,40.06,24,0.0,14.5,121.0,14.0
2024-04-15,27.6,31.08,35.3,43.0,62.33,80.0,22.67,1012.25,3.5,10.33,14.5,27.4,0.0,7402.0,0,39.11,24,0.0,14.5,121.0,14.0
2024-04-16,26.8,30.52,35.2,47.0,65.17,80.0,22.98,1011.08,1.79,12.36,17.5,34.2,0.0,7509.0,0,39.99,24,0.0,14.5,121.0,14.0
2024-04-17,26.7,30.4,35.2,44.0,64.21,81.0,22.54,1009.98,8.67,11.18,16.7,32.0,0.0,7522.0,0,39.4,24,0.0,14.5,121.0,14.0
2024-04-18,25.8,30.78,35.9,40.0,60.04,80.0,21.68,1009.02,17.21,4.9,7.6,19.8,0.0,7520.0,0,38.95,24,0.0,14.5,121.0,14.0
2024-04-19,27.6,31.16,35.5,42.0,60.17,77.0,22.15,1009.04,47.5,12.27,17.9,34.2,0.0,7462.0,0,38.9,24,0.0,14.5,121.0,14.0
2024-04-20,27.3,31.22,36.1,39.0,61.42,77.0,22.49,1009.46,20.25,14.14,19.5,34.2,0.0,7164.0,0,39.14,24,0.0,14.5,121.0,14.0
2024-04-21,27.7,31.11,35.3,40.0,59.42,77.0,21.82,1010.3,15.38,15.05,21.0,40.0,0.0,7350.0,0,38.1,24,0.0,14.5,121.0,14.0
2024-04-22,27.1,31.07,35.7,46.0,64.79,80.0,23.4,1009.74,12.21,14.58,18.8,34.2,0.0,6482.0,0,41.23,24,0.0,14.5,121.0,14.0
2024-04-23,28.2,31.52,35.7,51.0,66.83,80.0,24.39,1009.33,28.04,11.78,15.9,29.5,0.2,6171.0,2,43.26,24,0.2,14.5,121.0,14.0
2024-04-24,28.4,31.88,36.7,48.0,67.04,82.0,24.76,1009.12,16.12,9.63,14.5,27.7,1.6,6463.0,5,44.0,24,1.6,14.5,121.0,14.0
2024-04-25,28.5,31.65,35.6,51.0,66.29,81.0,24.38,1009.09,38.0,7.1,8.7,23.0,0.7,5937.0,7,42.56,24,0.7,14.5,121.0,14.0
2024-04-26,28.4,32.06,36.4,46.0,61.75,79.0,23.5,1008.43,33.83,10.34,13.3,25.9,0.0,6259.0,0,42.36,24,0.0,14.5,121.0,14.0
2024-04-27,27.6,31.84,36.6,47.0,65.38,79.0,24.3,1009.03,47.33,10.03,18.7,32.8,0.1,6599.0,1,43.75,24,0.1,14.5,121.0,14.0
2024-04-28,29.4,32.67,36.9,48.0,65.42,78.0,25.11,1009.65,52.29,12.67,16.3,35.3,0.1,6589.0,1,44.74,24,0.1,14.5,121.0,14.0
2024-04-29,29.2,32.36,36.7,38.0,58.62,79.0,22.66,1009.82,9.5,12.53,14.9,29.9,0.2,7279.0,1,39.83,24,0.2,14.5,121.0,14.0
2024-04-30,27.9,32.05,36.9,43.0,61.58,78.0,23.37,1008.02,18.29,12.93,17.1,31.3,0.0,6801.0,0,42.24,24,0.0,14.5,121.0,14.0
2024-05-01,28.5,31.83,35.5,50.0,64.71,79.0,24.12,1008.07,47.54,9.68,12.6,24.5,0.3,5785.0,3,41.88,24,0.3,14.5,121.0,14.0
2024-05-02,28.2,31.8,36.5,35.0,59.38,78.0,22.4,1009.28,8.04,13.59,18.1,35.3,0.0,7163.0,0,39.4,24,0.0,14.5,121.0,14.0
2024-05-03,28.2,31.33,35.6,47.0,61.96,74.0,22.92,1009.43,17.83,15.8,20.6,38.5,0.0,6787.0,0,40.9,24,0.0,14.5,121.0,14.0
2024-05-04,27.9,31.51,35.9,46.0,61.83,76.0,23.05,1008.89,20.67,14.55,20.7,39.2,0.0,6593.0,0,41.36,24,0.0,14.5,121.0,14.0
2024-05-05,27.7,31.53,35.9,48.0,63.25,76.0,23.45,1009.18,24.17,13.89,18.8,33.1,0.3,6962.0,1,42.44,24,0.3,14.5,121.0,14.0
2024-05-06,28.4,31.51,35.2,53.0,65.96,78.0,24.2,1010.15,35.96,11.44,16.0,28.8,0.1,6086.0,1,42.84,24,0.1,14.5,121.0,14.0
2024-05-07,28.5,31.77,36.4,39.0,61.17,78.0,22.95,1010.38,12.5,12.56,19.8,35.6,0.0,7262.0,0,40.07,24,0.0,14.5,121.0,14.0
2024-05-08,28.2,31.45,35.5,49.0,63.42,77.0,23.5,1009.85,29.04,11.62,16.2,28.8,0.1,6499.0,1,41.64,24,0.1,14.5,121.0,14.0
2024-05-09,28.2,31.63,36.1,45.0,63.83,78.0,23.67,1010.17,37.08,14.39,20.5,36.4,0.1,6794.0,1,41.65,24,0.1,14.5,121.0,14.0
2024-05-10,28.2,31.28,35.0,49.0,65.29,77.0,23.8,1011.41,31.08,14.04,17.0,37.1,0.0,6326.0,0,40.68,24,0.0,14.5,121.0,14.0
2024-05-11,28.2,31.25,35.3,48.0,65.04,78.0,23.65,1011.5,57.54,10.16,14.8,27.7,0.0,6201.0,0,40.6,24,0.0,14.5,121.0,14.0
2024-05-12,28.5,31.97,36.8,44.0,64.08,79.0,24.01,1010.44,38.21,12.58,16.8,34.2,0.1,7060.0,1,42.44,24,0.1,14.5,121.0,14.0
2024-05-13,27.6,31.18,35.2,53.0,70.12,87.0,24.88,1009.03,49.0,7.41,9.8,24.5,3.3,5753.0,14,42.84,24,3.3,14.5,121.0,14.0
2024-05-14,27.8,31.05,35.2,54.0,69.79,82.0,24.68,1009.94,86.62,6.42,10.7,23.8,1.0,5942.0,8,42.84,24,1.0,14.5,121.0,14.0
2024-05-15,28.6,32.28,36.8,43.0,62.0,79.0,23.74,1010.26,73.33,9.4,12.4,32.0,0.0,6496.0,0,42.01,24,0.0,14.5,121.0,14.0
2024-05-16,28.1,31.69,35.8,48.0,63.62,78.0,23.72,1010.07,44.21,9.08,13.7,27.0,0.1,6117.0,1,41.77,24,0.1,14.5,121.0,14.0
2024-05-17,28.1,31.06,35.7,49.0,67.71,83.0,24.12,1009.1,55.83,9.12,13.1,27.7,4.4,5802.0,6,41.95,24,4.4,14.5,121.0,14.0
2024-05-18,27.4,31.12,35.5,49.0,67.46,83.0,24.12,1007.84,90.54,5.19,8.7,16.2,0.5,6190.0,5,41.48,24,0.5,14.5,121.0,14.0
2024-05-19,28.2,30.24,33.9,59.0,73.0,80.0,24.8,1007.32,98.33,5.17,9.3,19.8,3.9,4763.0,14,41.49,24,3.9,14.5,121.0,14.0
2024-05-20,27.9,31.35,35.9,49.0,67.5,83.0,24.36,1007.75,91.33,7.48,11.3,24.5,1.3,5835.0,10,42.44,24,1.3,14.5,121.0,14.0
2024-05-21,28.3,31.69,35.3,50.0,65.21,79.0,24.16,1008.69,75.08,9.4,15.1,28.4,0.6,5865.0,6,41.56,24,0.6,14.5,121.0,14.0
2024-05-22,28.9,32.07,36.3,43.0,62.42,78.0,23.68,1008.88,84.08,11.24,17.3,31.3,0.0,6401.0,0,41.24,24,0.0,14.5,121.0,14.0
2024-05-23,28.9,32.33,36.9,40.0,61.17,77.0,23.43,1008.43,30.21,13.82,18.0,32.8,0.0,6372.0,0,41.0,24,0.0,14.5,121.0,14.0
2024-05-24,29.1,31.58,35.0,53.0,67.21,76.0,24.64,1008.72,71.5,11.65,19.5,33.1,1.2,5464.0,7,42.22,24,1.2,14.5,121.0,14.0
2024-05-25,27.6,29.94,33.1,59.0,75.58,89.0,25.04,1008.57,99.29,7.84,13.0,39.6,14.9,4521.0,12,39.46,24,14.9,14.5,121.0,14.0
2024-05-26,26.5,27.05,28.3,86.0,90.04,93.0,25.28,1006.51,100.0,19.96,33.8,55.4,92.2,1118.0,24,33.99,24,92.2,14.5,121.0,14.0
2024-05-27,26.5,28.71,31.1,78.0,86.29,93.0,26.18,1006.8,95.75,16.49,21.7,40.0,10.7,5120.0,24,40.85,24,10.7,14.5,121.0,14.0
2024-05-28,27.7,29.28,32.0,73.0,83.38,90.0,26.12,1007.36,92.67,12.97,19.2,36.4,6.9,4898.0,21,41.72,24,6.9,14.5,121.0,14.0
2024-05-29,27.2,28.99,31.8,72.0,82.71,90.0,25.72,1007.99,99.33,7.84,15.7,31.7,18.3,3975.0,19,41.28,24,18.3,14.5,121.0,14.0
2024-05-30,26.9,30.14,34.4,60.0,77.5,89.0,25.65,1009.5,95.38,4.91,9.7,25.6,1.3,6257.0,6,43.3,24,1.3,14.5,121.0,14.0
2024-05-31,28.2,31.18,34.2,60.0,74.21,85.0,25.88,1010.75,79.79,7.13,12.4,27.4,0.1,6064.0,1,42.88,24,0.1,14.5,121.0,14.0
2024-06-01,28.6,31.41,34.7,58.0,73.04,85.0,25.82,1011.06,34.04,7.6,10.1,18.7,0.5,6341.0,5,43.26,24,0.5,14.5,121.0,14.0
2024-06-02,28.4,30.9,34.4,61.0,74.25,86.0,25.69,1009.85,41.71,3.85,7.1,15.5,0.2,6568.0,2,43.75,24,0.2,14.5,121.0,14.0
2024-06-03,28.1,30.52,33.2,66.0,77.42,85.0,26.09,1008.46,76.67,7.69,16.2,30.2,1.8,5800.0,8,42.62,24,1.8,14.5,121.0,14.0
2024-06-04,28.7,30.85,34.4,58.0,73.46,84.0,25.45,1009.35,95.62,5.5,13.4,24.8,0.8,6276.0,3,42.43,24,0.8,14.5,121.0,14.0
2024-06-05,26.8,28.6,32.3,70.0,82.62,90.0,25.3,1010.62,99.71,3.79,7.4,20.5,13.3,3881.0,17,41.3,24,13.3,14.5,121.0,14.0
2024-06-06,26.6,28.3,30.3,73.0,81.5,89.0,24.81,1010.66,99.33,4.29,9.3,20.5,7.1,2295.0,14,37.13,24,7.1,14.5,121.0,14.0
2024-06-07,26.3,28.44,31.2,70.0,80.75,89.0,24.78,1009.17,98.42,3.68,7.1,17.6,12.5,3606.0,19,38.53,24,12.5,14.5,121.0,14.0
2024-06-08,26.1,28.8,31.7,68.0,80.21,90.0,24.99,1009.15,89.38,3.03,8.9,23.8,6.3,4071.0,16,38.86,24,6.3,14.5,121.0,14.0
2024-06-09,27.1,29.17,32.6,65.0,79.33,88.0,25.12,1010.42,88.79,5.27,8.4,19.8,9.5,5263.0,8,41.03,24,9.5,14.5,121.0,14.0
2024-06-10,26.9,29.58,33.7,63.0,79.04,89.0,25.45,1011.52,91.83,5.22,7.4,20.5,4.0,5905.0,5,42.59,24,4.0,14.5,121.0,14.0
2024-06-11,27.1,30.26,33.2,64.0,77.21,89.0,25.68,1011.49,51.21,4.62,10.9,22.3,0.3,6378.0,3,41.98,24,0.3,14.5,121.0,14.0
2024-06-12,28.3,30.2,33.5,64.0,77.67,85.0,25.79,1010.78,27.12,4.49,9.9,19.8,2.7,5930.0,7,43.29,24,2.7,14.5,121.0,14.0
2024-06-13,27.6,30.24,33.7,63.0,77.67,87.0,25.8,1009.19,40.79,4.12,10.7,22.0,0.2,5825.0,2,43.29,24,0.2,14.5,121.0,14.0
2024-06-14,27.9,30.11,33.1,65.0,77.79,87.0,25.72,1008.43,45.46,4.92,8.3,20.9,1.8,5795.0,9,42.21,24,1.8,14.5,121.0,14.0
2024-06-15,26.8,30.0,33.7,61.0,76.71,88.0,25.33,1008.52,91.71,5.07,7.6,21.2,2.3,5218.0,9,41.76,24,2.3,14.5,121.0,14.0
2024-06-16,27.4,29.91,32.9,67.0,78.17,87.0,25.63,1009.65,94.38,4.12,8.5,19.8,4.6,5500.0,21,41.91,24,4.6,14.5,121.0,14.0
2024-06-17,27.2,29.28,32.1,66.0,79.62,89.0,25.3,1009.65,95.54,5.38,9.3,19.1,6.8,4916.0,15,39.83,24,6.8,14.5,121.0,14.0
2024-06-18,27.0,29.05,32.8,66.0,80.71,91.0,25.32,1008.81,90.38,4.06,10.5,18.7,12.5,5165.0,17,41.22,24,12.5,14.5,121.0,14.0
2024-06-19,26.2,29.05,33.5,63.0,80.58,90.0,25.26,1007.67,98.12,4.52,8.0,18.0,8.9,5144.0,21,42.02,24,8.9,14.5,121.0,14.0
2024-06-20,26.9,29.43,33.1,65.0,79.12,89.0,25.34,1007.05,92.42,8.13,15.8,29.9,3.6,5682.0,18,41.69,24,3.6,14.5,121.0,14.0
2024-06-21,26.8,28.8,32.3,68.0,81.88,89.0,25.33,1007.35,95.79,6.75,13.6,24.5,25.7,4042.0,22,40.92,24,25.7,14.5,121.0,14.0
2024-06-22,27.1,29.2,32.3,68.0,79.96,88.0,25.3,1009.25,78.75,3.51,7.8,23.4,3.1,6007.0,9,40.55,24,3.1,14.5,121.0,14.0
2024-06-23,26.7,29.0,32.4,70.0,80.92,87.0,25.34,1010.1,77.62,4.98,11.4,20.5,7.7,5181.0,12,41.6,24,7.7,14.5,121.0,14.0
2024-06-24,26.7,28.72,32.0,71.0,81.75,89.0,25.24,1010.04,92.79,5.24,13.0,23.0,11.5,5273.0,14,41.53,24,11.5,14.5,121.0,14.0
2024-06-25,26.6,29.32,32.3,66.0,77.75,88.0,24.96,1009.48,88.29,13.42,21.5,44.3,3.3,5407.0,12,40.55,24,3.3,14.5,121.0,14.0
2024-06-26,27.6,28.97,30.6,74.0,79.96,85.0,25.12,1010.23,97.62,13.78,19.2,40.7,2.0,5202.0,11,37.69,24,2.0,14.5,121.0,14.0
2024-06-27,27.4,29.21,31.6,70.0,79.67,86.0,25.26,1010.8,98.88,15.76,26.3,51.8,6.8,4635.0,13,39.26,24,6.8,14.5,121.0,14.0
2024-06-28,27.6,30.15,33.2,62.0,75.38,86.0,25.25,1011.42,92.46,6.78,10.4,23.0,0.2,5993.0,2,40.9,24,0.2,14.5,121.0,14.0
2024-06-29,27.9,30.14,33.0,63.0,75.83,86.0,25.3,1010.84,72.46,6.97,11.8,25.2,2.5,6409.0,9,40.73,24,2.5,14.5,121.0,14.0
2024-06-30,27.4,29.34,32.1,70.0,82.21,88.0,25.96,1009.98,92.96,4.43,7.2,20.9,12.5,5049.0,14,42.1,24,12.5,14.5,121.0,14.0
2024-07-01,26.9,29.63,33.1,66.0,77.71,88.0,25.25,1008.6,76.38,5.29,6.7,22.3,2.0,5924.0,14,42.1,24,2.0,14.5,121.0,14.0
2024-07-02,26.7,28.85,32.3,66.0,79.25,88.0,24.82,1009.22,60.92,7.66,13.0,28.1,14.0,4412.0,18,39.82,24,14.0,14.5,121.0,14.0
2024-07-03,26.7,29.49,32.5,63.0,77.5,89.0,25.05,1011.4,87.12,9.44,16.6,37.4,5.4,5510.0,15,40.0,24,5.4,14.5,121.0,14.0
2024-07-04,27.4,29.32,32.2,69.0,78.46,87.0,25.12,1010.92,96.96,3.68,8.4,20.2,4.8,4580.0,13,40.63,24,4.8,14.5,121.0,14.0
2024-07-05,25.7,28.29,31.1,74.0,83.42,90.0,25.18,1008.22,82.71,6.22,10.7,30.6,8.3,4971.0,14,39.14,24,8.3,14.5,121.0,14.0
2024-07-06,27.1,28.6,30.7,73.0,80.92,86.0,24.98,1008.65,88.79,9.28,16.0,34.6,4.4,4359.0,12,37.7,24,4.4,14.5,121.0,14.0
2024-07-07,27.2,28.96,32.2,69.0,78.79,85.0,24.88,1009.31,99.5,9.65,14.8,28.1,4.1,4484.0,9,40.63,24,4.1,14.5,121.0,14.0
2024-07-08,26.3,28.83,31.9,68.0,79.04,87.0,24.78,1008.93,91.38,5.31,9.3,18.7,5.1,4097.0,15,39.48,24,5.1,14.5,121.0,14.0
2024-07-09,26.6,28.37,31.1,74.0,82.83,89.0,25.12,1009.38,98.29,3.82,5.5,18.0,17.9,4003.0,22,39.47,24,17.9,14.5,121.0,14.0
2024-07-10,26.0,28.32,31.5,70.0,82.75,92.0,25.05,1010.08,98.62,4.03,8.1,23.0,5.9,4447.0,14,38.97,24,5.9,14.5,121.0,14.0
2024-07-11,26.1,28.8,32.6,65.0,80.58,89.0,25.02,1008.95,98.83,4.76,9.5,25.6,9.4,4598.0,10,40.65,24,9.4,14.5,121.0,14.0
2024-07-12,26.9,28.76,32.4,66.0,80.62,88.0,25.02,1006.75,87.92,3.56,8.6,19.4,14.5,4239.0,15,40.09,24,14.5,14.5,121.0,14.0
2024-07-13,26.7,28.94,32.1,68.0,80.25,89.0,25.12,1006.26,98.0,8.11,14.2,34.6,2.8,5183.0,10,39.97,24,2.8,14.5,121.0,14.0
2024-07-14,27.2,29.2,32.2,68.0,78.96,87.0,25.09,1007.25,99.25,9.86,19.7,34.2,6.8,4716.0,14,40.63,24,6.8,14.5,121.0,14.0
2024-07-15,26.8,28.2,31.2,70.0,82.62,90.0,24.9,1008.21,99.29,7.18,12.3,27.4,12.1,3749.0,14,38.46,24,12.1,14.5,121.0,14.0
2024-07-16,26.7,28.87,31.8,70.0,80.12,89.0,25.02,1008.88,99.0,11.77,21.1,34.6,2.5,4761.0,14,39.83,24,2.5,14.5,121.0,14.0
2024-07-17,26.8,28.28,30.5,75.0,82.42,89.0,24.98,1009.29,99.79,5.31,11.1,25.2,13.0,2531.0,18,37.7,24,13.0,14.5,121.0,14.0
2024-07-18,26.5,28.07,29.4,80.0,85.0,89.0,25.29,1008.09,99.25,7.12,12.9,36.4,6.0,3568.0,23,35.88,24,6.0,14.5,121.0,14.0
2024-07-19,26.8,28.52,31.4,72.0,83.46,89.0,25.37,1007.01,71.12,12.18,20.5,41.8,7.0,5180.0,22,39.36,24,7.0,14.5,121.0,14.0
2024-07-20,26.2,28.68,30.9,73.0,81.79,91.0,25.21,1008.49,96.62,6.27,13.6,33.1,5.9,4872.0,16,39.2,24,5.9,14.5,121.0,14.0
2024-07-21,26.8,28.28,30.5,75.0,84.0,92.0,25.29,1008.22,100.0,12.15,18.5,38.5,10.7,3743.0,15,38.29,24,10.7,14.5,121.0,14.0
2024-07-22,26.0,26.8,27.8,87.0,90.96,95.0,25.22,1006.71,100.0,22.1,27.8,49.0,41.8,1575.0,24,32.76,24,41.8,14.5,121.0,14.0
2024-07-23,26.0,26.5,27.3,90.0,91.21,94.0,24.94,1004.8,100.0,27.19,43.3,70.6,118.4,1265.0,24,31.93,24,118.4,14.5,121.0,14.0
2024-07-24,25.6,26.55,27.8,87.0,91.12,94.0,24.99,1003.88,100.0,26.7,31.0,60.8,29.3,2460.0,24,32.76,24,29.3,14.5,121.0,14.0
2024-07-25,26.5,27.9,29.6,80.0,86.5,90.0,25.41,1003.8,99.96,23.59,29.9,57.2,11.7,3569.0,24,36.46,24,11.7,14.5,121.0,14.0
2024-07-26,27.0,28.77,31.2,73.0,81.96,88.0,25.32,1007.17,100.0,13.43,22.0,51.5,3.5,5472.0,17,39.5,24,3.5,14.5,121.0,14.0
2024-07-27,26.6,28.75,31.4,69.0,80.0,88.0,24.9,1010.0,99.92,4.07,9.3,24.5,5.2,4461.0,14,38.37,24,5.2,14.5,121.0,14.0
2024-07-28,25.7,27.04,28.6,82.0,86.38,91.0,24.56,1009.4,99.96,6.41,11.8,23.4,18.9,2186.0,24,34.04,24,18.9,14.5,121.0,14.0
2024-07-29,25.6,27.04,29.1,79.0,86.79,93.0,24.66,1009.38,99.88,6.38,10.6,28.4,12.4,2973.0,22,34.96,24,12.4,14.5,121.0,14.0
2024-07-30,25.8,28.76,32.0,68.0,79.29,89.0,24.73,1010.27,77.54,5.71,10.1,27.0,0.2,6273.0,2,40.05,24,0.2,14.5,121.0,14.0
2024-07-31,26.4,28.87,31.3,69.0,80.54,89.0,25.11,1011.41,58.0,4.96,12.4,24.5,0.2,5741.0,2,38.1,24,0.2,14.5,121.0,14.0
2024-08-01,26.3,28.32,32.5,66.0,82.88,90.0,25.05,1010.9,72.58,5.93,12.0,27.0,19.7,5245.0,16,40.37,24,19.7,14.5,121.0,14.0
2024-08-02,25.9,28.25,31.2,75.0,84.12,89.0,25.3,1009.66,40.54,4.45,11.9,24.1,5.1,6021.0,14,40.21,24,5.1,14.5,121.0,14.0
2024-08-03,25.9,28.17,31.4,72.0,83.21,90.0,24.98,1009.59,72.62,6.23,13.1,26.3,7.3,5633.0,12,40.04,24,7.3,14.5,121.0,14.0
2024-08-04,26.0,28.09,30.4,77.0,84.29,90.0,25.16,1008.7,65.62,9.9,17.3,31.3,3.6,5501.0,13,38.27,24,3.6,14.5,121.0,14.0
2024-08-05,26.2,27.47,29.4,78.0,86.42,91.0,24.98,1007.89,88.88,12.86,17.8,31.3,16.2,3402.0,22,35.4,24,16.2,14.5,121.0,14.0
2024-08-06,26.0,27.5,29.6,80.0,86.46,91.0,25.02,1008.54,85.5,12.18,18.4,33.5,17.9,2978.0,22,36.46,24,17.9,14.5,121.0,14.0
2024-08-07,25.9,28.47,30.8,75.0,83.75,91.0,25.42,1009.5,47.71,12.38,20.2,35.3,4.2,5825.0,16,39.87,24,4.2,14.5,121.0,14.0
2024-08-08,26.8,28.25,30.4,77.0,85.75,90.0,25.6,1010.23,83.96,12.93,18.8,42.8,14.7,5191.0,23,38.89,24,14.7,14.5,121.0,14.0
2024-08-09,26.6,28.77,30.7,74.0,82.79,90.0,25.53,1009.15,88.08,14.37,22.4,40.0,5.8,5116.0,14,39.55,24,5.8,14.5,121.0,14.0
2024-08-10,26.7,27.99,30.3,78.0,86.75,92.0,25.54,1008.16,90.33,13.1,19.8,40.3,4.2,5069.0,24,38.0,24,4.2,14.5,121.0,14.0
2024-08-11,26.3,28.64,31.2,73.0,83.58,91.0,25.52,1006.84,51.88,10.74,19.4,34.6,3.5,5401.0,20,39.44,24,3.5,14.5,121.0,14.0
2024-08-12,26.7,29.07,31.3,74.0,81.96,91.0,25.64,1007.56,48.5,12.8,20.8,37.8,2.2,5734.0,18,40.15,24,2.2,14.5,121.0,14.0
2024-08-13,26.6,29.47,32.5,68.0,80.04,90.0,25.57,1008.97,60.88,12.0,17.8,34.6,2.3,6113.0,16,41.13,24,2.3,14.5,121.0,14.0
2024-08-14,26.7,29.12,31.5,73.0,82.67,90.0,25.82,1008.85,80.17,8.6,16.3,28.8,1.9,6014.0,13,41.12,24,1.9,14.5,121.0,14.0
2024-08-15,27.0,29.48,32.4,68.0,80.75,90.0,25.77,1007.99,88.88,7.51,16.8,30.2,1.6,5185.0,12,41.3,24,1.6,14.5,121.0,14.0
2024-08-16,27.2,29.55,32.9,69.0,80.88,89.0,25.87,1008.37,87.96,4.72,12.4,24.8,1.6,4983.0,7,42.73,24,1.6,14.5,121.0,14.0
2024-08-17,27.5,30.01,33.3,64.0,76.92,85.0,25.45,1010.13,77.08,3.79,10.0,20.2,0.1,6380.0,1,42.27,24,0.1,14.5,121.0,14.0
2024-08-18,28.0,30.19,33.6,66.0,77.25,85.0,25.7,1009.6,99.38,3.65,6.9,16.2,2.3,5743.0,4,43.6,24,2.3,14.5,121.0,14.0
2024-08-19,26.9,29.13,32.6,67.0,79.58,89.0,25.15,1009.25,99.67,4.18,7.2,18.7,5.9,4628.0,11,41.42,24,5.9,14.5,121.0,14.0
2024-08-20,26.5,28.98,32.5,70.0,80.79,87.0,25.28,1010.67,85.38,4.51,8.0,21.6,4.0,4952.0,10,41.91,24,4.0,14.5,121.0,14.0
2024-08-21,27.4,29.88,34.2,60.0,77.21,87.0,25.33,1011.44,92.0,3.85,5.4,17.3,2.8,5814.0,6,42.73,24,2.8,14.5,121.0,14.0
2024-08-22,27.1,29.96,32.9,67.0,77.38,88.0,25.5,1010.25,83.83,4.67,7.6,20.9,3.5,5299.0,11,42.42,24,3.5,14.5,121.0,14.0
2024-08-23,26.8,28.78,31.8,70.0,81.21,88.0,25.18,1009.85,98.75,4.8,10.9,20.9,9.0,4785.0,16,39.89,24,9.0,14.5,121.0,14.0
2024-08-24,26.4,28.49,31.0,70.0,81.46,90.0,24.95,1009.3,99.96,3.48,7.1,15.1,4.6,2624.0,18,38.53,24,4.6,14.5,121.0,14.0
2024-08-25,26.1,28.17,31.2,72.0,82.92,91.0,24.93,1008.2,97.33,3.93,10.1,24.8,17.7,4654.0,20,39.11,24,17.7,14.5,121.0,14.0
2024-08-26,25.7,27.85,30.2,77.0,84.58,91.0,25.01,1007.59,96.58,7.22,15.9,30.2,9.2,4262.0,17,37.7,24,9.2,14.5,121.0,14.0
2024-08-27,26.0,27.45,29.6,79.0,87.58,93.0,25.16,1007.76,99.75,10.48,17.2,31.7,18.2,2998.0,24,36.21,24,18.2,14.5,121.0,14.0
2024-08-28,25.9,26.67,27.9,86.0,90.04,93.0,24.9,1007.0,100.0,10.62,13.5,25.2,44.3,882.0,24,32.83,24,44.3,14.5,121.0,14.0
2024-08-29,26.2,28.23,31.5,72.0,85.5,91.0,25.52,1006.86,85.83,5.23,8.0,23.8,21.5,3561.0,19,39.81,24,21.5,14.5,121.0,14.0
2024-08-30,26.7,28.91,32.3,72.0,82.96,91.0,25.64,1007.8,79.17,5.63,10.3,23.8,9.8,5169.0,17,42.08,24,9.8,14.5,121.0,14.0
2024-08-31,26.6,29.33,32.4,68.0,80.21,90.0,25.51,1008.04,62.83,3.95,7.1,18.7,4.5,5392.0,6,40.83,24,4.5,14.5,121.0,14.0
2024-09-01,26.7,28.26,30.3,76.0,84.67,90.0,25.39,1006.99,98.83,5.3,12.9,21.2,14.8,4148.0,15,37.69,24,14.8,14.5,121.0,14.0
2024-09-02,25.8,26.19,26.7,90.0,91.67,93.0,24.71,1005.99,100.0,21.45,32.9,45.4,73.7,902.0,24,30.6,24,73.7,14.5,121.0,14.0
2024-09-03,25.7,27.04,28.4,85.0,89.67,93.0,25.19,1007.09,99.92,18.78,23.9,49.0,14.9,3935.0,24,34.05,24,14.9,14.5,121.0,14.0
2024-09-04,25.8,26.62,27.6,86.0,90.21,93.0,24.86,1005.15,99.96,21.25,28.4,56.2,23.6,3047.0,24,32.11,24,23.6,14.5,121.0,14.0
2024-09-05,26.3,27.03,28.1,85.0,88.62,92.0,24.99,1004.5,99.88,15.93,21.6,57.6,12.6,3086.0,24,33.18,24,12.6,14.5,121.0,14.0
2024-09-06,26.0,27.71,29.8,77.0,84.42,90.0,24.82,1007.72,99.96,7.11,14.1,49.3,4.7,3945.0,20,36.27,24,4.7,14.5,121.0,14.0
2024-09-07,25.8,29.09,32.6,62.0,78.17,90.0,24.73,1010.89,98.96,5.04,8.2,16.9,0.0,5584.0,0,39.2,24,0.0,14.5,121.0,14.0
2024-09-08,26.2,29.1,32.2,65.0,79.21,90.0,25.02,1010.32,99.62,6.44,14.6,25.6,0.1,5683.0,1,39.19,24,0.1,14.5,121.0,14.0
2024-09-09,27.0,27.94,29.3,79.0,85.12,88.0,25.18,1007.82,99.12,8.09,16.4,28.1,8.7,1934.0,17,35.35,24,8.7,14.5,121.0,14.0
2024-09-10,25.9,28.08,31.0,75.0,83.71,91.0,25.05,1007.51,51.54,10.47,17.3,34.6,3.2,5246.0,17,39.17,24,3.2,14.5,121.0,14.0
2024-09-11,26.5,28.04,30.9,76.0,86.29,91.0,25.5,1008.39,90.0,10.9,16.4,29.9,18.2,4611.0,23,39.88,24,18.2,14.5,121.0,14.0
2024-09-12,26.4,28.04,30.2,78.0,86.12,91.0,25.47,1005.45,99.58,9.15,20.3,37.4,14.8,3884.0,24,37.7,24,14.8,14.5,121.0,14.0
2024-09-13,26.4,27.63,29.4,83.0,87.5,91.0,25.36,1001.97,99.92,6.4,14.0,27.7,17.3,3306.0,23,36.62,24,17.3,14.5,121.0,14.0
2024-09-14,26.0,27.67,29.9,77.0,86.0,93.0,25.07,1000.05,100.0,6.28,12.7,24.1,8.1,3010.0,24,36.55,24,8.1,14.5,121.0,14.0
2024-09-15,26.3,27.76,29.8,81.0,87.5,93.0,25.46,1001.75,100.0,11.83,20.5,35.3,7.4,2713.0,22,37.33,24,7.4,14.5,121.0,14.0
2024-09-16,27.0,28.19,30.2,79.0,85.46,91.0,25.49,1001.91,100.0,11.1,15.9,36.4,2.1,3019.0,20,37.99,24,2.1,14.5,121.0,14.0
2024-09-17,26.5,27.65,29.6,78.0,86.04,91.0,25.09,1001.08,97.42,8.79,13.9,24.5,3.0,3818.0,17,36.32,24,3.0,14.5,121.0,14.0
2024-09-18,26.1,27.14,29.3,80.0,87.83,91.0,24.94,1003.29,99.62,10.29,22.1,41.4,39.8,2449.0,24,35.59,24,39.8,14.5,121.0,14.0
2024-09-19,26.4,27.51,29.8,77.0,85.29,89.0,24.8,1005.97,99.29,9.24,22.4,49.3,25.5,2560.0,24,36.79,24,25.5,14.5,121.0,14.0
2024-09-20,26.2,27.5,30.0,76.0,85.25,91.0,24.75,1007.84,99.79,6.41,14.9,31.3,20.1,2413.0,24,36.83,24,20.1,14.5,121.0,14.0
2024-09-21,26.0,27.14,28.8,78.0,86.12,92.0,24.6,1009.62,100.0,4.12,5.5,21.2,29.6,1630.0,24,33.79,24,29.6,14.5,121.0,14.0
2024-09-22,25.9,27.63,30.7,73.0,85.08,91.0,24.82,1011.03,99.92,5.69,8.3,18.4,11.9,3461.0,19,37.68,24,11.9,14.5,121.0,14.0
2024-09-23,26.1,29.29,33.3,64.0,80.46,91.0,25.46,1011.56,55.58,7.67,14.1,25.9,0.8,5280.0,5,42.39,24,0.8,14.5,121.0,14.0
2024-09-24,27.4,29.7,33.1,65.0,78.79,87.0,25.53,1010.69,58.92,5.62,9.4,23.8,3.9,5735.0,9,41.8,24,3.9,14.5,121.0,14.0
2024-09-25,27.0,29.9,33.3,64.0,77.67,89.0,25.48,1010.15,69.46,7.24,10.5,25.9,0.5,5882.0,5,41.86,24,0.5,14.5,121.0,14.0
2024-09-26,26.7,29.37,32.8,65.0,78.88,89.0,25.22,1010.42,47.88,4.54,9.2,18.0,0.9,5920.0,9,41.22,24,0.9,14.5,121.0,14.0
2024-09-27,26.9,29.23,32.3,69.0,81.29,89.0,25.64,1009.48,97.71,6.48,13.1,28.1,0.5,5480.0,4,41.0,24,0.5,14.5,121.0,14.0
2024-09-28,27.4,29.48,31.9,69.0,79.29,89.0,25.49,1007.46,97.5,12.71,20.0,37.4,0.6,4104.0,6,39.83,24,0.6,14.5,121.0,14.0
2024-09-29,26.9,28.4,29.7,81.0,84.71,91.0,25.53,1006.26,100.0,21.55,27.5,47.2,5.0,3382.0,17,37.03,24,5.0,14.5,121.0,14.0
2024-09-30,26.5,27.9,30.2,75.0,84.96,91.0,25.1,1007.24,100.0,20.12,27.7,45.4,4.2,3787.0,24,37.36,24,4.2,14.5,121.0,14.0
2024-10-01,26.7,28.65,31.4,72.0,83.12,89.0,25.44,1008.58,100.0,11.51,17.6,34.6,2.1,4030.0,15,40.44,24,2.1,14.5,121.0,14.0
2024-10-02,26.6,29.1,32.2,66.0,80.33,89.0,25.29,1010.11,100.0,6.88,13.7,28.1,0.0,5092.0,0,39.76,24,0.0,14.5,121.0,14.0
2024-10-03,26.4,29.4,32.9,64.0,79.96,92.0,25.48,1009.98,88.0,3.41,6.4,15.8,1.6,5385.0,2,40.94,24,1.6,14.5,121.0,14.0
2024-10-04,27.0,29.1,31.6,72.0,81.79,90.0,25.59,1009.59,93.54,5.08,7.6,23.4,5.8,5126.0,16,39.94,24,5.8,14.5,121.0,14.0
2024-10-05,26.1,28.67,31.7,70.0,81.42,91.0,25.09,1008.98,90.42,4.17,9.2,23.0,4.4,4687.0,12,39.54,24,4.4,14.5,121.0,14.0
2024-10-06,25.9,27.48,29.2,77.0,84.25,90.0,24.58,1009.82,95.12,3.81,7.3,32.0,9.9,3507.0,18,34.85,24,9.9,14.5,121.0,14.0
2024-10-07,25.7,27.7,30.0,74.0,83.0,91.0,24.5,1010.52,99.83,4.18,8.8,24.5,5.8,3479.0,14,36.04,24,5.8,14.5,121.0,14.0
2024-10-08,26.2,28.6,31.4,72.0,80.54,88.0,24.9,1010.34,97.79,2.94,5.1,18.7,4.3,4235.0,14,39.36,24,4.3,14.5,121.0,14.0
2024-10-09,26.3,28.52,31.3,70.0,80.92,89.0,24.84,1009.85,87.62,3.79,13.2,19.8,3.4,4380.0,13,38.42,24,3.4,14.5,121.0,14.0
2024-10-10,26.2,28.47,31.5,73.0,83.04,90.0,25.24,1009.32,76.71,4.15,8.7,20.2,8.4,4516.0,13,40.71,24,8.4,14.5,121.0,14.0
2024-10-11,26.0,28.34,31.6,74.0,83.21,90.0,25.16,1009.07,47.96,4.22,6.0,22.3,9.7,4798.0,14,41.02,24,9.7,14.5,121.0,14.0
2024-10-12,26.3,28.61,31.7,70.0,80.92,89.0,24.95,1010.2,49.08,6.48,10.6,20.9,2.2,4932.0,10,39.54,24,2.2,14.5,121.0,14.0
2024-10-13,26.0,29.03,32.3,65.0,77.62,90.0,24.63,1009.7,56.46,7.68,15.1,28.8,0.3,4979.0,3,39.46,24,0.3,14.5,121.0,14.0
2024-10-14,27.5,28.75,31.2,71.0,80.04,85.0,24.9,1009.31,92.29,8.55,16.0,38.5,2.2,4134.0,11,38.49,24,2.2,14.5,121.0,14.0
2024-10-15,27.0,28.75,30.8,73.0,80.33,86.0,24.99,1010.15,98.42,7.15,12.4,30.2,1.5,4732.0,11,38.28,24,1.5,14.5,121.0,14.0
2024-10-16,26.7,29.14,32.1,65.0,78.0,88.0,24.79,1010.88,91.62,7.85,12.6,22.7,0.2,4954.0,2,39.0,24,0.2,14.5,121.0,14.0
2024-10-17,26.7,29.23,32.4,65.0,75.62,86.0,24.39,1010.66,43.12,7.34,12.4,23.4,0.2,5453.0,2,39.73,24,0.2,14.5,121.0,14.0
2024-10-18,27.1,29.36,32.3,65.0,76.54,86.0,24.72,1009.46,26.08,6.12,10.4,26.3,0.5,5440.0,4,39.54,24,0.5,14.5,121.0,14.0
2024-10-19,27.1,29.25,31.7,68.0,79.58,88.0,25.26,1009.81,90.67,5.3,11.1,24.1,4.2,4594.0,13,39.26,24,4.2,14.5,121.0,14.0
2024-10-20,26.9,28.63,30.9,73.0,82.42,90.0,25.29,1009.65,88.12,5.86,13.7,29.2,15.1,3717.0,17,38.3,24,15.1,14.5,121.0,14.0
2024-10-21,26.3,28.52,31.6,64.0,79.67,89.0,24.54,1008.06,99.96,7.02,14.4,37.1,3.2,4130.0,10,37.33,24,3.2,14.5,121.0,14.0
2024-10-22,26.7,28.32,29.8,73.0,82.33,89.0,24.97,1004.13,100.0,14.19,24.3,35.3,3.7,2933.0,9,36.42,24,3.7,14.5,121.0,14.0
2024-10-23,25.5,26.66,27.8,86.0,90.21,95.0,24.92,997.8,100.0,25.7,31.7,52.9,97.2,595.0,24,32.55,24,97.2,14.5,121.0,14.0
2024-10-24,26.1,26.65,27.3,85.0,90.0,94.0,24.88,995.55,100.0,32.81,43.9,78.8,66.0,1342.0,24,31.55,24,66.0,14.5,121.0,14.0
2024-10-25,26.0,27.4,29.1,79.0,82.12,88.0,24.05,1002.15,97.38,18.54,35.2,58.7,7.2,2439.0,24,34.8,24,7.2,14.5,121.0,14.0
2024-10-26,25.4,27.58,30.1,74.0,83.67,91.0,24.54,1006.79,42.38,8.08,16.5,33.8,3.0,4241.0,13,37.12,24,3.0,14.5,121.0,14.0
2024-10-27,25.4,27.61,30.6,68.0,82.17,91.0,24.2,1007.92,84.46,10.95,18.0,29.9,1.3,4235.0,11,36.27,24,1.3,14.5,121.0,14.0
2024-10-28,26.1,28.3,30.6,71.0,81.5,90.0,24.79,1006.31,100.0,12.89,19.1,32.8,0.6,4258.0,6,37.71,24,0.6,14.5,121.0,14.0
2024-10-29,26.9,28.52,30.4,73.0,79.71,85.0,24.65,1005.62,100.0,19.8,26.1,49.3,0.7,3972.0,7,36.85,24,0.7,14.5,121.0,14.0
2024-10-30,27.0,28.0,29.6,78.0,83.21,89.0,24.85,1005.97,100.0,24.11,30.1,55.8,6.1,2209.0,21,35.96,24,6.1,14.5,121.0,14.0
2024-10-31,26.8,27.75,29.1,80.0,85.33,89.0,25.08,1006.84,99.88,17.09,25.5,42.1,3.5,3017.0,17,35.25,24,3.5,14.5,121.0,14.0
2024-11-01,26.1,28.31,31.1,73.0,85.08,91.0,25.51,1010.22,65.12,3.47,7.9,22.0,10.4,3818.0,11,39.56,24,10.4,14.5,121.0,14.0
2024-11-02,26.2,29.09,32.7,64.0,79.54,92.0,25.07,1011.9,20.25,7.78,14.5,27.7,0.2,5022.0,2,40.18,24,0.2,14.5,121.0,14.0
2024-11-03,26.6,28.33,30.8,68.0,79.42,88.0,24.33,1011.35,53.83,9.52,16.8,35.6,0.7,4376.0,6,36.78,24,0.7,14.5,121.0,14.0
2024-11-04,26.1,28.26,31.2,65.0,79.0,89.0,24.18,1010.38,33.04,7.7,14.8,34.6,0.5,4402.0,5,36.64,24,0.5,14.5,121.0,14.0
2024-11-05,25.9,28.05,31.8,63.0,79.67,90.0,24.12,1009.42,66.88,6.05,11.0,28.8,3.6,4501.0,8,37.51,24,3.6,14.5,121.0,14.0
2024-11-06,25.2,27.99,31.3,67.0,82.42,91.0,24.63,1009.48,94.33,4.22,8.5,17.6,0.5,4801.0,3,37.48,24,0.5,14.5,121.0,14.0
2024-11-07,26.3,27.9,30.4,77.0,85.75,90.0,25.25,1009.99,99.58,5.12,10.8,22.0,2.7,3955.0,8,38.0,24,2.7,14.5,121.0,14.0
2024-11-08,26.3,28.72,31.5,68.0,81.25,91.0,25.07,1010.43,53.21,5.48,8.2,18.4,3.3,3750.0,13,38.97,24,3.3,14.5,121.0,14.0
2024-11-09,26.8,29.19,32.4,64.0,78.29,88.0,24.94,1011.24,17.54,6.78,9.2,21.2,0.2,5239.0,2,39.82,24,0.2,14.5,121.0,14.0
2024-11-10,26.5,28.6,31.1,72.0,80.29,86.0,24.82,1009.66,80.92,5.66,9.3,28.4,1.1,4622.0,6,38.49,24,1.1,14.5,121.0,14.0
2024-11-11,27.0,28.43,30.4,72.0,81.79,88.0,24.99,1006.66,99.96,13.98,26.4,45.4,1.6,2320.0,13,36.85,24,1.6,14.5,121.0,14.0
2024-11-12,26.5,29.0,31.9,75.0,81.96,90.0,25.55,1008.77,64.92,5.09,8.9,23.0,1.3,4885.0,10,42.1,24,1.3,14.5,121.0,14.0
2024-11-13,26.0,28.55,31.4,71.0,81.62,89.0,25.02,1009.19,93.71,4.14,7.5,18.7,1.4,4519.0,5,39.07,24,1.4,14.5,121.0,14.0
2024-11-14,26.7,28.65,31.3,68.0,80.88,88.0,24.96,1008.55,99.96,8.78,15.2,34.6,0.2,4568.0,2,37.83,24,0.2,14.5,121.0,14.0
2024-11-15,26.0,29.02,32.6,59.0,77.5,91.0,24.48,1009.2,60.12,3.76,5.2,15.5,0.0,4829.0,0,38.19,24,0.0,14.5,121.0,14.0
2024-11-16,26.6,29.12,32.2,65.0,77.33,88.0,24.67,1008.68,86.88,5.78,7.4,22.0,0.2,5161.0,2,39.19,24,0.2,14.5,121.0,14.0
2024-11-17,26.7,27.54,28.8,80.0,85.75,90.0,24.92,1005.84,100.0,16.92,30.3,64.1,13.2,799.0,13,34.44,24,13.2,14.5,121.0,14.0
2024-11-18,26.5,28.85,32.3,67.0,80.62,91.0,25.07,1010.45,84.75,10.77,15.0,27.0,0.2,4484.0,2,40.18,24,0.2,14.5,121.0,14.0
2024-11-19,26.8,28.85,32.0,62.0,76.29,86.0,24.13,1011.42,20.08,12.2,19.1,33.8,0.0,4901.0,0,37.69,24,0.0,14.5,121.0,14.0
2024-11-20,25.9,28.78,32.4,59.0,75.42,88.0,23.82,1010.66,38.08,9.45,16.2,29.2,0.0,4931.0,0,37.86,24,0.0,14.5,121.0,14.0
2024-11-21,26.3,28.52,31.9,60.0,74.92,86.0,23.49,1010.22,23.92,10.11,16.8,30.2,0.0,4384.0,0,36.84,24,0.0,14.5,121.0,14.0
2024-11-22,26.3,28.75,32.1,56.0,72.38,84.0,23.12,1010.45,11.96,10.94,17.6,32.8,0.0,4882.0,0,36.41,24,0.0,14.5,121.0,14.0
2024-11-23,26.2,28.69,32.0,58.0,72.62,83.0,23.1,1011.41,24.42,12.16,20.6,36.7,0.0,4882.0,0,36.48,24,0.0,14.5,121.0,14.0
2024-11-24,26.5,28.55,31.3,62.0,74.46,84.0,23.46,1011.68,63.12,13.77,22.7,45.0,0.0,4902.0,0,36.08,24,0.0,14.5,121.0,14.0
2024-11-25,26.4,28.47,31.3,64.0,75.42,84.0,23.61,1011.42,46.92,14.03,20.9,38.9,0.5,4146.0,4,36.59,24,0.5,14.5,121.0,14.0
2024-11-26,26.4,28.83,32.3,59.0,73.71,86.0,23.51,1010.61,32.42,10.29,16.5,33.8,0.0,4489.0,0,37.47,24,0.0,14.5,121.0,14.0
2024-11-27,26.3,28.82,32.4,55.0,71.75,84.0,23.0,1010.74,44.71,10.87,18.6,33.8,0.0,5065.0,0,36.49,24,0.0,14.5,121.0,14.0
2024-11-28,26.1,28.76,31.9,58.0,73.12,85.0,23.28,1010.85,33.58,13.55,21.5,40.7,0.0,4685.0,0,36.38,24,0.0,14.5,121.0,14.0
2024-11-29,26.8,27.97,29.8,67.0,75.67,81.0,23.22,1010.71,85.29,14.31,20.4,47.2,1.9,3327.0,15,33.88,24,1.9,14.5,121.0,14.0
2024-11-30,25.9,27.78,30.3,65.0,76.25,86.0,23.14,1009.64,81.0,14.25,22.6,41.0,6.5,3508.0,16,34.54,24,6.5,14.5,121.0,14.0
2024-12-01,25.4,26.11,27.1,86.0,87.29,91.0,23.84,1008.85,100.0,5.66,9.8,31.7,52.2,932.0,24,30.65,24,52.2,14.5,121.0,14.0
2024-12-02,25.4,26.45,27.4,86.0,89.04,92.0,24.48,1008.65,100.0,3.96,6.9,24.8,55.4,635.0,24,31.83,24,55.4,14.5,121.0,14.0
2024-12-03,26.0,27.98,30.6,75.0,84.54,92.0,25.08,1008.99,93.62,6.37,9.9,24.8,2.7,2852.0,11,37.99,24,2.7,14.5,121.0,14.0
2024-12-04,26.4,28.32,31.1,73.0,83.46,90.0,25.16,1009.01,40.12,6.18,9.5,19.1,1.1,4191.0,6,38.85,24,1.1,14.5,121.0,14.0
2024-12-05,25.8,28.35,31.8,62.0,78.54,90.0,24.12,1008.86,50.67,6.55,8.7,16.9,0.0,5154.0,0,37.51,24,0.0,14.5,121.0,14.0
2024-12-06,25.7,28.45,31.9,60.0,77.75,90.0,24.02,1008.98,57.71,7.95,13.8,23.0,0.0,4521.0,0,37.14,24,0.0,14.5,121.0,14.0
2024-12-07,26.5,28.72,31.7,68.0,80.33,89.0,24.9,1009.17,87.75,7.04,12.5,21.2,0.0,3885.0,0,38.86,24,0.0,14.5,121.0,14.0
2024-12-08,26.8,28.31,30.8,71.0,80.5,88.0,24.56,1009.42,92.42,12.52,23.1,38.9,1.6,3989.0,13,37.36,24,1.6,14.5,121.0,14.0
2024-12-09,26.3,27.58,29.1,75.0,81.08,89.0,24.04,1009.33,99.96,18.72,25.7,43.6,10.6,2455.0,20,33.94,24,10.6,14.5,121.0,14.0
2024-12-10,26.2,27.14,28.4,78.0,83.25,89.0,24.03,1009.47,93.38,17.06,21.7,38.5,5.0,2393.0,18,32.94,24,5.0,14.5,121.0,14.0
2024-12-11,25.7,27.58,30.6,70.0,81.88,89.0,24.19,1009.73,72.38,12.09,18.9,30.6,6.8,3374.0,14,36.54,24,6.8,14.5,121.0,14.0
2024-12-12,26.5,27.87,30.0,69.0,78.88,87.0,23.81,1009.84,73.67,13.82,22.4,40.7,0.5,3565.0,4,34.8,24,0.5,14.5,121.0,14.0
2024-12-13,26.5,28.15,30.7,68.0,78.54,86.0,24.0,1011.01,44.0,13.85,20.7,36.0,0.4,4209.0,4,36.25,24,0.4,14.5,121.0,14.0
2024-12-14,26.1,27.98,30.9,64.0,77.04,85.0,23.51,1012.89,31.67,12.77,20.7,39.2,0.0,4188.0,0,35.92,24,0.0,14.5,121.0,14.0
2024-12-15,25.6,27.39,30.0,65.0,76.71,83.0,22.86,1013.29,19.79,14.35,22.2,37.8,0.4,4576.0,4,34.1,24,0.4,14.5,121.0,14.0
2024-12-16,25.5,26.98,29.0,69.0,77.96,85.0,22.79,1012.62,79.46,14.2,22.3,36.4,1.2,2468.0,10,32.73,24,1.2,14.5,121.0,14.0
2024-12-17,25.6,26.65,28.4,73.0,80.46,87.0,22.97,1011.71,93.46,12.49,19.8,34.6,13.7,2332.0,20,31.93,24,13.7,14.5,121.0,14.0
2024-12-18,25.3,26.7,28.7,73.0,80.42,89.0,23.0,1010.54,89.75,11.63,16.7,29.5,4.5,1491.0,20,32.6,24,4.5,14.5,121.0,14.0
2024-12-19,25.5,27.07,29.5,62.0,73.71,83.0,21.9,1009.96,66.92,15.09,26.8,46.1,1.6,4188.0,6,32.27,24,1.6,14.5,121.0,14.0
2024-12-20,25.0,26.96,29.5,67.0,76.92,83.0,22.51,1009.7,82.46,15.38,28.1,44.3,0.1,3869.0,1,33.43,24,0.1,14.5,121.0,14.0
2024-12-21,25.9,26.65,27.9,78.0,82.88,85.0,23.5,1010.02,97.38,13.5,17.5,36.0,7.7,1149.0,16,31.56,24,7.7,14.5,121.0,14.0
2024-12-22,25.5,26.92,28.8,68.0,77.17,85.0,22.51,1010.33,95.42,22.4,28.9,52.2,1.2,3963.0,9,31.95,24,1.2,14.5,121.0,14.0
2024-12-23,25.0,26.62,28.6,68.0,77.42,84.0,22.3,1010.55,98.92,20.36,32.1,50.8,0.0,3644.0,0,31.87,24,0.0,14.5,121.0,14.0
2024-12-24,25.4,26.55,28.3,79.0,85.83,93.0,23.98,1011.06,96.75,11.37,18.0,37.1,27.3,2550.0,15,32.69,24,27.3,14.5,121.0,14.0
2024-12-25,24.9,25.49,26.4,83.0,89.46,94.0,23.62,1013.35,99.75,10.49,14.7,29.5,31.0,936.0,24,28.64,24,31.0,14.5,121.0,14.0
2024-12-26,24.9,27.11,30.1,72.0,83.92,92.0,24.1,1013.72,59.75,9.74,16.3,37.8,0.8,4120.0,4,35.79,24,0.8,14.5,121.0,14.0
2024-12-27,25.7,27.32,30.1,69.0,82.42,90.0,23.98,1013.4,97.12,9.23,16.8,32.0,0.7,3498.0,7,35.04,24,0.7,14.5,121.0,14.0
2024-12-28,25.7,26.8,29.2,73.0,83.33,89.0,23.72,1012.47,85.75,8.93,15.0,35.3,0.5,3076.0,5,34.19,24,0.5,14.5,121.0,14.0
2024-12-29,25.2,26.45,28.2,72.0,79.96,88.0,22.69,1012.02,92.38,15.9,26.3,34.6,4.4,2015.0,18,31.5,24,4.4,14.5,121.0,14.0
2024-12-30,25.5,26.71,28.6,79.0,85.62,91.0,24.1,1012.35,66.21,11.43,20.8,39.6,4.8,3578.0,13,33.46,24,4.8,14.5,121.0,14.0
2024-12-31,25.5,27.66,30.5,69.0,82.25,91.0,24.28,1011.32,86.67,9.73,16.0,28.1,0.0,4116.0,0,36.03,24,0.0,14.5,121.0,14.0
