city_id,City,psgc_name,province_or_group,region,city_class,population_2024,latitude,longitude,coord_method,n_barangays,n_barangays_used,psgc_area_centroid_latitude,psgc_area_centroid_longitude,shift_vs_area_centroid_km,elevation_m,grid_latitude,grid_longitude
1380100000,Caloocan,City of Caloocan,National Capital Region (NCR),National Capital Region (NCR),Highly Urbanized City,1712945,14.71232,121.01986,population_weighted_barangay_centroids,193,186,14.71841,121.00636,1.6,25.0,14.75,121.0
1380200000,Las Piñas,City of Las Piñas,National Capital Region (NCR),National Capital Region (NCR),Highly Urbanized City,615549,14.44681,120.99421,population_weighted_barangay_centroids,20,20,14.44139,120.99521,0.61,18.0,14.5,121.0
1380300000,Makati,City of Makati,National Capital Region (NCR),National Capital Region (NCR),Highly Urbanized City,309770,14.55992,121.02086,population_weighted_barangay_centroids,23,23,14.55439,121.02394,0.7,17.0,14.5,121.0
1380400000,Malabon,City of Malabon,National Capital Region (NCR),National Capital Region (NCR),Highly Urbanized City,389929,14.66832,120.95983,population_weighted_barangay_centroids,21,21,14.67412,120.95856,0.66,2.0,14.75,121.0
1380500000,Mandaluyong,City of Mandaluyong,National Capital Region (NCR),National Capital Region (NCR),Highly Urbanized City,465902,14.58068,121.03804,population_weighted_barangay_centroids,27,27,14.5831,121.04139,0.45,17.0,14.5,121.0
1380600000,Manila,City of Manila,National Capital Region (NCR),National Capital Region (NCR),Highly Urbanized City,1902590,14.60193,120.98546,population_weighted_barangay_centroids,897,897,14.59775,120.98586,0.47,13.0,14.5,121.0
1380700000,Marikina,City of Marikina,National Capital Region (NCR),National Capital Region (NCR),Highly Urbanized City,471323,14.64936,121.10466,population_weighted_barangay_centroids,16,16,14.64732,121.10498,0.23,17.0,14.75,121.0
1380800000,Muntinlupa,City of Muntinlupa,National Capital Region (NCR),National Capital Region (NCR),Highly Urbanized City,552225,14.40586,121.03653,population_weighted_barangay_centroids,9,9,14.40229,121.0336,0.51,32.0,14.5,121.0
1380900000,Navotas,City of Navotas,National Capital Region (NCR),National Capital Region (NCR),Highly Urbanized City,252878,14.66031,120.94509,population_weighted_barangay_centroids,18,18,14.67509,120.93588,1.92,6.0,14.75,121.0
1381000000,Parañaque,City of Parañaque,National Capital Region (NCR),National Capital Region (NCR),Highly Urbanized City,703245,14.48283,121.01464,population_weighted_barangay_centroids,16,16,14.48353,121.015,0.09,14.0,14.5,121.0
1381100000,Pasay,Pasay City,National Capital Region (NCR),National Capital Region (NCR),Highly Urbanized City,453186,14.53686,121.00443,population_weighted_barangay_centroids,201,201,14.53142,121.004,0.61,7.0,14.5,121.0
1381200000,Pasig,City of Pasig,National Capital Region (NCR),National Capital Region (NCR),Highly Urbanized City,853050,14.57452,121.08819,population_weighted_barangay_centroids,30,30,14.57886,121.08548,0.56,8.0,14.5,121.0
1381300000,Quezon,Quezon City,National Capital Region (NCR),National Capital Region (NCR),Highly Urbanized City,3084270,14.67478,121.05463,population_weighted_barangay_centroids,142,142,14.68049,121.06047,0.89,51.0,14.75,121.0
1381400000,San Juan,City of San Juan,National Capital Region (NCR),National Capital Region (NCR),Highly Urbanized City,134312,14.60362,121.03467,population_weighted_barangay_centroids,21,21,14.60248,121.03669,0.25,32.0,14.5,121.0
1381500000,Taguig,City of Taguig,National Capital Region (NCR),National Capital Region (NCR),Highly Urbanized City,1308085,14.52086,121.05893,population_weighted_barangay_centroids,38,38,14.52201,121.06121,0.28,16.0,14.5,121.0
1381600000,Valenzuela,City of Valenzuela,National Capital Region (NCR),National Capital Region (NCR),Highly Urbanized City,725173,14.70463,120.98231,population_weighted_barangay_centroids,33,33,14.70999,120.97916,0.69,7.0,14.75,121.0
