column,dtype,role,unit,description,derivation,allowed_values
Date,date,identifier,YYYY-MM-DD,Local calendar date (Asia/Manila).,Date of the hourly timestamps aggregated.,
City,string,identifier,,Unique city key (PSGC city name without 'City of'/'City'; 'Name (Province)' where the name is shared).,Philippine Standard Geographic Code city list; see ph_heat_index_city_list.csv.,
Latitude,float64,static feature,degrees N,Latitude requested from the API (population-weighted city center).,Population-weighted mean of barangay centroids.,
Longitude,float64,static feature,degrees E,Longitude requested from the API (population-weighted city center).,Population-weighted mean of barangay centroids.,
Elevation,float64,static feature,m,Elevation returned by Open-Meteo for the requested coordinates (90 m DEM used for its statistical downscaling).,Response field `elevation`.,
Month,int64,calendar feature,1-12,Calendar month of Date.,Date.month,
DayOfYear,int64,calendar feature,1-366,Day of year of Date.,Date.dayofyear,
Temp_Min,float64,feature (same day),°C,Minimum hourly 2 m air temperature.,min of hourly temperature_2m,
Temp_Mean,float64,feature (same day),°C,Mean hourly 2 m air temperature.,mean of hourly temperature_2m,
Temp_Max,float64,feature (same day),°C,Maximum hourly 2 m air temperature.,max of hourly temperature_2m,
Humidity_Min,float64,feature (same day),%,Minimum hourly relative humidity at 2 m.,min of hourly relative_humidity_2m,
Humidity_Mean,float64,feature (same day),%,Mean hourly relative humidity at 2 m.,mean of hourly relative_humidity_2m,
Humidity_Max,float64,feature (same day),%,Maximum hourly relative humidity at 2 m.,max of hourly relative_humidity_2m,
DewPoint_Mean,float64,feature (same day),°C,Mean hourly 2 m dew point.,mean of hourly dew_point_2m,
Pressure_Mean,float64,feature (same day),hPa,Mean hourly mean-sea-level pressure.,mean of hourly pressure_msl,
CloudCover_Mean,float64,feature (same day),%,Mean hourly total cloud cover.,mean of hourly cloud_cover,
WindSpeed_Mean,float64,feature (same day),km/h,Mean hourly 10 m wind speed.,mean of hourly wind_speed_10m,
WindSpeed_Max,float64,feature (same day),km/h,Maximum hourly 10 m wind speed.,max of hourly wind_speed_10m,
WindGust_Max,float64,feature (same day),km/h,Maximum hourly 10 m wind gust.,max of hourly wind_gusts_10m,
Rainfall_Total,float64,feature (same day),mm,Total rain over the day.,sum of hourly rain,
RainHours,int64,feature (same day),hours (0-24),Number of hours with rain >= 0.1 mm.,count of hourly rain >= 0.1,
SolarRadiation_Total,float64,feature (same day),Wh/m²,Daily total shortwave (global horizontal) radiation. Divide by 277.78 for MJ/m².,"sum of hourly shortwave_radiation (W/m², preceding-hour mean => Wh/m² per hour)",
HeatIndex_Max_Today,float64,"feature (same day, derived)",°C,Maximum of the 24 hourly NWS heat-index values of Date.,"max over hours of heat_index(temperature_2m, relative_humidity_2m)",
HeatLevelToday,string,"feature (same day, derived)",category,Heat level of HeatIndex_Max_Today.,Category rule in dataset_documentation.md,Not Hazardous | Caution | Extreme Caution | Danger | Extreme Danger
HeatIndex_Max_Tomorrow,float64,TARGET (regression),°C,HeatIndex_Max_Today of the next calendar day in the same city.,"shift(-1) within City, only when the next row is Date + 1 day",
HeatLevelTomorrow,string,TARGET (classification),category,"Heat level of HeatIndex_Max_Tomorrow. Deterministic bins of the numeric target, not an independent label.",Category rule in dataset_documentation.md,Not Hazardous | Caution | Extreme Caution | Danger | Extreme Danger
